LINE_ID;LINE_NAME;TRANSPORTER;MEAN_OF_TRANSPORT
102;ICE;SBB;Zug
104;ICE;SBB;Zug
106;ICE;SBB;Zug
107;ICE;SBB;Zug
108;ICE;SBB;Zug
109;ICE;SBB;Zug
142;EC;SBB;Zug
143;EC;SBB;Zug
150;EC;SBB;Zug
1504;IC5;SBB;Zug
1506;IC5;SBB;Zug
1508;IC5;SBB;Zug
151;EC;SBB;Zug
1510;IC5;SBB;Zug
1511;IC5;SBB;Zug
1512;IC5;SBB;Zug
1513;IC5;SBB;Zug
1514;IC5;SBB;Zug
1515;IC5;SBB;Zug
1516;IC5;SBB;Zug
1517;IC5;SBB;Zug
1518;IC5;SBB;Zug
1519;IC5;SBB;Zug
1520;IC5;SBB;Zug
1521;IC5;SBB;Zug
1522;IC5;SBB;Zug
1523;IC5;SBB;Zug
1524;IC5;SBB;Zug
1525;IC5;SBB;Zug
1526;IC5;SBB;Zug
1527;IC5;SBB;Zug
1528;IC5;SBB;Zug
1529;IC5;SBB;Zug
1530;IC5;SBB;Zug
1531;IC5;SBB;Zug
1532;IC5;SBB;Zug
1533;IC5;SBB;Zug
1534;IC5;SBB;Zug
1535;IC5;SBB;Zug
1536;IC5;SBB;Zug
1537;IC5;SBB;Zug
1538;IC5;SBB;Zug
1539;IC5;SBB;Zug
1541;IC5;SBB;Zug
1543;IC5;SBB;Zug
1545;IC;SBB;Zug
1547;IC5;SBB;Zug
160;EC;SBB;Zug
1606;IC;SBB;Zug
161;RJX;SBB;Zug
162;RJX;SBB;Zug
163;EC;SBB;Zug
164;EC;SBB;Zug
165;RJX;SBB;Zug
166;RJX;SBB;Zug
167;RJX;SBB;Zug
168;RJX;SBB;Zug
169;RJX;SBB;Zug
1702;IR;SBB;Zug
1704;IR;SBB;Zug
1705;IR;SBB;Zug
1706;IR95;SBB;Zug
1707;IR95;SBB;Zug
1708;IR95;SBB;Zug
1709;IR95;SBB;Zug
1710;IR95;SBB;Zug
1711;IR95;SBB;Zug
1712;IR95;SBB;Zug
1713;IR95;SBB;Zug
1714;IR95;SBB;Zug
1715;IR95;SBB;Zug
1716;IR95;SBB;Zug
1717;IR95;SBB;Zug
1718;IR95;SBB;Zug
1719;IR95;SBB;Zug
1720;IR95;SBB;Zug
1721;IR95;SBB;Zug
1722;IR95;SBB;Zug
1723;IR95;SBB;Zug
1724;IR95;SBB;Zug
1725;IR95;SBB;Zug
1726;IR95;SBB;Zug
1727;IR95;SBB;Zug
1728;IR95;SBB;Zug
1729;IR95;SBB;Zug
173;EC;SBB;Zug
1730;IR95;SBB;Zug
1731;IR95;SBB;Zug
1732;IR95;SBB;Zug
1733;IR95;SBB;Zug
1734;IR95;SBB;Zug
1735;IR95;SBB;Zug
1736;IR95;SBB;Zug
1737;IR95;SBB;Zug
1738;IR95;SBB;Zug
1739;IR95;SBB;Zug
1741;IR;SBB;Zug
1743;IR;SBB;Zug
1804;IR;SBB;Zug
1805;IR;SBB;Zug
1806;IR90;SBB;Zug
1807;IR90;SBB;Zug
1808;IR90;SBB;Zug
1809;IR90;SBB;Zug
181;IC;SBB;Zug
1810;IR90;SBB;Zug
1811;IR90;SBB;Zug
1812;IR90;SBB;Zug
1813;IR90;SBB;Zug
1814;IR90;SBB;Zug
1815;IR90;SBB;Zug
1816;IR90;SBB;Zug
1817;IR90;SBB;Zug
1818;IR90;SBB;Zug
1819;IR90;SBB;Zug
1820;IR90;SBB;Zug
1821;IR90;SBB;Zug
1822;IR90;SBB;Zug
1823;IR90;SBB;Zug
1824;IR90;SBB;Zug
1825;IR90;SBB;Zug
1826;IR90;SBB;Zug
1827;IR90;SBB;Zug
1828;IR90;SBB;Zug
1829;IR90;SBB;Zug
1830;IR90;SBB;Zug
1831;IR90;SBB;Zug
1832;IR90;SBB;Zug
1833;IR90;SBB;Zug
1834;IR90;SBB;Zug
1835;IR90;SBB;Zug
1836;IR90;SBB;Zug
1837;IR90;SBB;Zug
1839;IR;SBB;Zug
1840;IR;SBB;Zug
18401;RE33;SBB;Zug
18402;RE33;SBB;Zug
18403;RE33;SBB;Zug
18404;RE33;SBB;Zug
18405;RE33;SBB;Zug
18406;RE33;SBB;Zug
18407;RE33;SBB;Zug
18408;RE33;SBB;Zug
18409;RE33;SBB;Zug
1841;IR;SBB;Zug
18410;RE33;SBB;Zug
18411;RE33;SBB;Zug
18412;RE33;SBB;Zug
18413;RE33;SBB;Zug
18414;RE33;SBB;Zug
18415;RE33;SBB;Zug
18416;RE33;SBB;Zug
18417;RE33;SBB;Zug
18418;RE33;SBB;Zug
18419;RE33;SBB;Zug
18420;RE33;SBB;Zug
18421;RE33;SBB;Zug
18422;RE33;SBB;Zug
18423;RE33;SBB;Zug
18424;RE33;SBB;Zug
18425;RE33;SBB;Zug
18426;RE33;SBB;Zug
18427;RE33;SBB;Zug
18428;RE33;SBB;Zug
18429;RE33;SBB;Zug
18430;RE33;SBB;Zug
18431;RE33;SBB;Zug
18432;RE33;SBB;Zug
18433;RE33;SBB;Zug
18434;RE33;SBB;Zug
18435;RE33;SBB;Zug
18436;RE33;SBB;Zug
18437;RE33;SBB;Zug
18438;RE33;SBB;Zug
18439;RE33;SBB;Zug
18440;RE33;SBB;Zug
18441;RE33;SBB;Zug
18442;RE33;SBB;Zug
18450;RE33;SBB;Zug
18452;RE33;SBB;Zug
18454;RE33;SBB;Zug
18456;RE33;SBB;Zug
18457;RE33;SBB;Zug
18458;RE33;SBB;Zug
18459;RE33;SBB;Zug
18460;RE33;SBB;Zug
18461;RE33;SBB;Zug
18462;RE33;SBB;Zug
18463;RE33;SBB;Zug
18464;RE33;SBB;Zug
18465;RE33;SBB;Zug
18466;RE33;SBB;Zug
18467;RE33;SBB;Zug
18468;RE33;SBB;Zug
18469;RE33;SBB;Zug
18470;RE33;SBB;Zug
18471;RE33;SBB;Zug
18472;RE33;SBB;Zug
18473;RE33;SBB;Zug
18474;RE33;SBB;Zug
18475;RE33;SBB;Zug
18476;RE33;SBB;Zug
18477;RE33;SBB;Zug
18478;RE33;SBB;Zug
18479;RE33;SBB;Zug
18480;RE33;SBB;Zug
18481;RE33;SBB;Zug
18482;RE33;SBB;Zug
18483;RE33;SBB;Zug
18484;RE33;SBB;Zug
18485;RE33;SBB;Zug
18486;RE33;SBB;Zug
18487;RE33;SBB;Zug
18488;RE33;SBB;Zug
18489;RE33;SBB;Zug
18491;RE33;SBB;Zug
18493;RE33;SBB;Zug
1904;IR;SBB;Zug
1929;IR;SBB;Zug
202;ICE;SBB;Zug
205;ICE;SBB;Zug
206;ICE;SBB;Zug
24102;R1;SBB;Zug
24104;R1;SBB;Zug
24108;R1;SBB;Zug
24112;R1;SBB;Zug
24113;R1;SBB;Zug
24116;R1;SBB;Zug
24117;R1;SBB;Zug
24120;R1;SBB;Zug
24121;R1;SBB;Zug
24124;R1;SBB;Zug
24125;R1;SBB;Zug
24128;R1;SBB;Zug
24131;R1;SBB;Zug
24134;R1;SBB;Zug
24135;R1;SBB;Zug
24138;R1;SBB;Zug
24141;R1;SBB;Zug
24144;R1;SBB;Zug
24145;R1;SBB;Zug
24148;R1;SBB;Zug
24151;R1;SBB;Zug
24154;R1;SBB;Zug
24155;R1;SBB;Zug
24158;R1;SBB;Zug
24161;R1;SBB;Zug
24164;R1;SBB;Zug
24165;R1;SBB;Zug
24168;R1;SBB;Zug
24171;R1;SBB;Zug
24174;R1;SBB;Zug
24175;R1;SBB;Zug
24178;R1;SBB;Zug
24179;R1;SBB;Zug
24182;R1;SBB;Zug
24183;R1;SBB;Zug
24186;R1;SBB;Zug
24187;R1;SBB;Zug
24191;R1;SBB;Zug
24195;R1;SBB;Zug
24199;R1;SBB;Zug
24200;R2;SBB;Zug
24202;R2;SBB;Zug
24206;R2;SBB;Zug
24210;R2;SBB;Zug
24211;R2;SBB;Zug
24214;R2;SBB;Zug
24215;R2;SBB;Zug
24218;R2;SBB;Zug
24219;R2;SBB;Zug
24222;R2;SBB;Zug
24223;R2;SBB;Zug
24226;R2;SBB;Zug
24227;R2;SBB;Zug
24232;R2;SBB;Zug
24233;R2;SBB;Zug
24236;R2;SBB;Zug
24237;R2;SBB;Zug
24242;R2;SBB;Zug
24243;R2;SBB;Zug
24246;R2;SBB;Zug
24247;R2;SBB;Zug
24252;R2;SBB;Zug
24253;R2;SBB;Zug
24256;R2;SBB;Zug
24257;R2;SBB;Zug
24262;R2;SBB;Zug
24263;R2;SBB;Zug
24266;R2;SBB;Zug
24267;R2;SBB;Zug
24272;R2;SBB;Zug
24273;R2;SBB;Zug
24276;R2;SBB;Zug
24277;R2;SBB;Zug
24280;R2;SBB;Zug
24281;R2;SBB;Zug
24284;R2;SBB;Zug
24285;R2;SBB;Zug
24289;R2;SBB;Zug
24293;R2;SBB;Zug
24297;R2;SBB;Zug
24302;R3;SBB;Zug
24304;R3;SBB;Zug
24308;R3;SBB;Zug
24309;R3;SBB;Zug
24312;R3;SBB;Zug
24313;R3;SBB;Zug
24316;R3;SBB;Zug
24317;R3;SBB;Zug
24320;R3;SBB;Zug
24321;R3;SBB;Zug
24324;R3;SBB;Zug
24325;R3;SBB;Zug
24328;R3;SBB;Zug
24331;R3;SBB;Zug
24334;R3;SBB;Zug
24335;R3;SBB;Zug
24338;R3;SBB;Zug
24341;R3;SBB;Zug
24344;R3;SBB;Zug
24345;R3;SBB;Zug
24348;R3;SBB;Zug
24351;R3;SBB;Zug
24354;R3;SBB;Zug
24355;R3;SBB;Zug
24358;R3;SBB;Zug
24361;R3;SBB;Zug
24364;R3;SBB;Zug
24365;R3;SBB;Zug
24368;R3;SBB;Zug
24371;R3;SBB;Zug
24374;R3;SBB;Zug
24375;R3;SBB;Zug
24378;R3;SBB;Zug
24379;R3;SBB;Zug
24382;R3;SBB;Zug
24383;R3;SBB;Zug
24386;R3;SBB;Zug
24387;R3;SBB;Zug
24390;R3;SBB;Zug
24391;R3;SBB;Zug
24395;R3;SBB;Zug
24399;R3;SBB;Zug
24402;R4;SBB;Zug
24406;R4;SBB;Zug
24410;R4;SBB;Zug
24411;R4;SBB;Zug
24414;R4;SBB;Zug
24415;R4;SBB;Zug
24418;R4;SBB;Zug
24419;R4;SBB;Zug
24422;R4;SBB;Zug
24423;R4;SBB;Zug
24426;R4;SBB;Zug
24427;R4;SBB;Zug
24432;R4;SBB;Zug
24433;R4;SBB;Zug
24436;R4;SBB;Zug
24437;R4;SBB;Zug
24442;R4;SBB;Zug
24443;R4;SBB;Zug
24446;R4;SBB;Zug
24447;R4;SBB;Zug
24452;R4;SBB;Zug
24453;R4;SBB;Zug
24456;R4;SBB;Zug
24457;R4;SBB;Zug
24462;R4;SBB;Zug
24463;R4;SBB;Zug
24466;R4;SBB;Zug
24467;R4;SBB;Zug
24472;R4;SBB;Zug
24473;R4;SBB;Zug
24476;R4;SBB;Zug
24477;R4;SBB;Zug
24480;R4;SBB;Zug
24481;R4;SBB;Zug
24484;R4;SBB;Zug
24485;R4;SBB;Zug
24488;R4;SBB;Zug
24489;R4;SBB;Zug
24493;R4;SBB;Zug
24497;R4;SBB;Zug
24500;S41;SBB;Zug
24504;S41;SBB;Zug
24508;S41;SBB;Zug
24509;S41;SBB;Zug
24512;S41;SBB;Zug
24513;S41;SBB;Zug
24516;S41;SBB;Zug
24517;S41;SBB;Zug
24520;S41;SBB;Zug
24521;S41;SBB;Zug
24524;S41;SBB;Zug
24525;S41;SBB;Zug
24528;S41;SBB;Zug
24531;S41;SBB;Zug
24534;S41;SBB;Zug
24535;S41;SBB;Zug
24538;S41;SBB;Zug
24541;S41;SBB;Zug
24544;S41;SBB;Zug
24545;S41;SBB;Zug
24548;S41;SBB;Zug
24551;S41;SBB;Zug
24554;S41;SBB;Zug
24555;S41;SBB;Zug
24558;S41;SBB;Zug
24561;S41;SBB;Zug
24564;S41;SBB;Zug
24565;S41;SBB;Zug
24568;S41;SBB;Zug
24571;S41;SBB;Zug
24574;S41;SBB;Zug
24575;S41;SBB;Zug
24578;S41;SBB;Zug
24579;S41;SBB;Zug
24582;S41;SBB;Zug
24583;S41;SBB;Zug
24586;S41;SBB;Zug
24587;S41;SBB;Zug
24590;S41;SBB;Zug
24591;S41;SBB;Zug
24595;S41;SBB;Zug
24602;S40;SBB;Zug
24606;S40;SBB;Zug
24610;S40;SBB;Zug
24611;S40;SBB;Zug
24614;S40;SBB;Zug
24615;S40;SBB;Zug
24618;S40;SBB;Zug
24619;S40;SBB;Zug
24622;S40;SBB;Zug
24623;S40;SBB;Zug
24626;S40;SBB;Zug
24627;S40;SBB;Zug
24632;S40;SBB;Zug
24633;S40;SBB;Zug
24636;S40;SBB;Zug
24637;S40;SBB;Zug
24642;S40;SBB;Zug
24643;S40;SBB;Zug
24646;S40;SBB;Zug
24647;S40;SBB;Zug
24652;S40;SBB;Zug
24653;S40;SBB;Zug
24656;S40;SBB;Zug
24657;S40;SBB;Zug
24662;S40;SBB;Zug
24663;S40;SBB;Zug
24666;S40;SBB;Zug
24667;S40;SBB;Zug
24672;S40;SBB;Zug
24673;S40;SBB;Zug
24676;S40;SBB;Zug
24677;S40;SBB;Zug
24680;S40;SBB;Zug
24681;S40;SBB;Zug
24684;S40;SBB;Zug
24685;S40;SBB;Zug
24689;S40;SBB;Zug
24693;S40;SBB;Zug
24697;S40;SBB;Zug
24802;R8;SBB;Zug
24806;R8;SBB;Zug
24810;R8;SBB;Zug
24811;R8;SBB;Zug
24814;R8;SBB;Zug
24815;R8;SBB;Zug
24818;R8;SBB;Zug
24819;R8;SBB;Zug
24822;R8;SBB;Zug
24823;R8;SBB;Zug
24826;R8;SBB;Zug
24827;R8;SBB;Zug
24832;R8;SBB;Zug
24833;R8;SBB;Zug
24836;R8;SBB;Zug
24837;R8;SBB;Zug
24842;R8;SBB;Zug
24843;R8;SBB;Zug
24846;R8;SBB;Zug
24847;R8;SBB;Zug
24852;R8;SBB;Zug
24853;R8;SBB;Zug
24856;R8;SBB;Zug
24857;R8;SBB;Zug
24862;R8;SBB;Zug
24863;R8;SBB;Zug
24866;R8;SBB;Zug
24867;R8;SBB;Zug
24872;R8;SBB;Zug
24873;R8;SBB;Zug
24876;R8;SBB;Zug
24877;R8;SBB;Zug
24880;R8;SBB;Zug
24881;R8;SBB;Zug
24884;R8;SBB;Zug
24885;R8;SBB;Zug
24888;R8;SBB;Zug
24889;R8;SBB;Zug
24893;R8;SBB;Zug
24897;R8;SBB;Zug
24902;R9;SBB;Zug
24904;R9;SBB;Zug
24908;R9;SBB;Zug
24909;R9;SBB;Zug
24912;R9;SBB;Zug
24913;R9;SBB;Zug
24916;R9;SBB;Zug
24917;R9;SBB;Zug
24920;R9;SBB;Zug
24921;R9;SBB;Zug
24924;R9;SBB;Zug
24925;R9;SBB;Zug
24928;R9;SBB;Zug
24931;R9;SBB;Zug
24934;R9;SBB;Zug
24935;R9;SBB;Zug
24938;R9;SBB;Zug
24941;R9;SBB;Zug
24944;R9;SBB;Zug
24945;R9;SBB;Zug
24948;R9;SBB;Zug
24951;R9;SBB;Zug
24954;R9;SBB;Zug
24955;R9;SBB;Zug
24958;R9;SBB;Zug
24961;R9;SBB;Zug
24964;R9;SBB;Zug
24965;R9;SBB;Zug
24968;R9;SBB;Zug
24971;R9;SBB;Zug
24974;R9;SBB;Zug
24975;R9;SBB;Zug
24978;R9;SBB;Zug
24979;R9;SBB;Zug
24982;R9;SBB;Zug
24983;R9;SBB;Zug
24986;R9;SBB;Zug
24987;R9;SBB;Zug
24990;R9;SBB;Zug
24991;R9;SBB;Zug
24995;R9;SBB;Zug
24999;R9;SBB;Zug
2504;IR15;SBB;Zug
2506;IR15;SBB;Zug
2507;IR15;SBB;Zug
2508;IR15;SBB;Zug
2509;IR15;SBB;Zug
2510;IR15;SBB;Zug
2511;IR15;SBB;Zug
2512;IR15;SBB;Zug
2513;IR15;SBB;Zug
2514;IR15;SBB;Zug
2515;IR15;SBB;Zug
2516;IR15;SBB;Zug
2517;IR15;SBB;Zug
2518;IR15;SBB;Zug
2519;IR15;SBB;Zug
2520;IR15;SBB;Zug
2521;IR15;SBB;Zug
2522;IR15;SBB;Zug
2523;IR15;SBB;Zug
2524;IR15;SBB;Zug
2525;IR15;SBB;Zug
2526;IR15;SBB;Zug
2527;IR15;SBB;Zug
2528;IR15;SBB;Zug
2529;IR15;SBB;Zug
2530;IR15;SBB;Zug
2531;IR15;SBB;Zug
2532;IR15;SBB;Zug
2533;IR15;SBB;Zug
2534;IR15;SBB;Zug
2535;IR15;SBB;Zug
2536;IR15;SBB;Zug
2537;IR15;SBB;Zug
2538;IR15;SBB;Zug
2539;IR15;SBB;Zug
2540;IR15;SBB;Zug
2541;IR15;SBB;Zug
2543;IR15;SBB;Zug
3554;RE;SBB;Zug
3556;RE;SBB;Zug
3567;RE;SBB;Zug
3569;RE;SBB;Zug
40;EC;SBB;Zug
41;EC;SBB;Zug
44;EC;SBB;Zug
45;EC;SBB;Zug
46;EC;SBB;Zug
47;EC;SBB;Zug
504;IC5;SBB;Zug
508;IC5;SBB;Zug
509;IC5;SBB;Zug
510;IC5;SBB;Zug
511;IC5;SBB;Zug
512;IC5;SBB;Zug
513;IC5;SBB;Zug
514;IC5;SBB;Zug
515;IC5;SBB;Zug
516;IC5;SBB;Zug
517;IC5;SBB;Zug
518;IC5;SBB;Zug
519;IC5;SBB;Zug
520;IC5;SBB;Zug
521;IC5;SBB;Zug
522;IC5;SBB;Zug
523;IC5;SBB;Zug
524;IC5;SBB;Zug
525;IC5;SBB;Zug
526;IC5;SBB;Zug
527;IC5;SBB;Zug
528;IC5;SBB;Zug
529;IC5;SBB;Zug
530;IC5;SBB;Zug
531;IC5;SBB;Zug
532;IC5;SBB;Zug
533;IC5;SBB;Zug
534;IC5;SBB;Zug
535;IC5;SBB;Zug
536;IC5;SBB;Zug
537;IC5;SBB;Zug
538;IC5;SBB;Zug
539;IC5;SBB;Zug
540;IC5;SBB;Zug
541;IC5;SBB;Zug
543;IC5;SBB;Zug
702;IC1;SBB;Zug
704;IC1;SBB;Zug
70510;IC5;SBB;Zug
706;IC1;SBB;Zug
707;IC1;SBB;Zug
708;IC1;SBB;Zug
709;IC1;SBB;Zug
710;IC1;SBB;Zug
711;IC1;SBB;Zug
712;IC1;SBB;Zug
713;IC1;SBB;Zug
714;IC1;SBB;Zug
715;IC1;SBB;Zug
716;IC1;SBB;Zug
717;IC1;SBB;Zug
718;IC1;SBB;Zug
719;IC1;SBB;Zug
720;IC1;SBB;Zug
721;IC1;SBB;Zug
722;IC1;SBB;Zug
723;IC1;SBB;Zug
724;IC1;SBB;Zug
725;IC1;SBB;Zug
726;IC1;SBB;Zug
727;IC1;SBB;Zug
728;IC1;SBB;Zug
729;IC1;SBB;Zug
730;IC1;SBB;Zug
731;IC1;SBB;Zug
732;IC1;SBB;Zug
733;IC1;SBB;Zug
734;IC1;SBB;Zug
735;IC1;SBB;Zug
737;IC1;SBB;Zug
739;IC1;SBB;Zug
9261;TGV;SBB;Zug
9264;TGV;SBB;Zug
9268;TGV;SBB;Zug
9269;TGV;SBB;Zug
9270;TGV;SBB;Zug
9277;TGV;SBB;Zug
94447;R4;SBB;Zug
94472;R4;SBB;Zug
94473;R4;SBB;Zug
9761;TGV;SBB;Zug
9768;TGV;SBB;Zug
9774;TGV;SBB;Zug
9775;TGV;SBB;Zug
9777;TGV;SBB;Zug
9784;TGV;SBB;Zug
213;CC;GGB;Zahnradbahn
214;CC48;GGB;Zahnradbahn
219;CC48;GGB;Zahnradbahn
220;CC48;GGB;Zahnradbahn
221;CC48;GGB;Zahnradbahn
222;CC48;GGB;Zahnradbahn
224;CC48;GGB;Zahnradbahn
226;CC48;GGB;Zahnradbahn
228;CC48;GGB;Zahnradbahn
230;CC48;GGB;Zahnradbahn
232;CC48;GGB;Zahnradbahn
233;CC48;GGB;Zahnradbahn
234;CC48;GGB;Zahnradbahn
235;CC48;GGB;Zahnradbahn
236;CC48;GGB;Zahnradbahn
237;CC48;GGB;Zahnradbahn
238;CC48;GGB;Zahnradbahn
239;CC48;GGB;Zahnradbahn
240;CC48;GGB;Zahnradbahn
241;CC48;GGB;Zahnradbahn
242;CC48;GGB;Zahnradbahn
243;CC48;GGB;Zahnradbahn
244;CC48;GGB;Zahnradbahn
245;CC48;GGB;Zahnradbahn
246;CC48;GGB;Zahnradbahn
247;CC48;GGB;Zahnradbahn
248;CC48;GGB;Zahnradbahn
249;CC48;GGB;Zahnradbahn
250;CC48;GGB;Zahnradbahn
251;CC48;GGB;Zahnradbahn
252;CC48;GGB;Zahnradbahn
253;CC48;GGB;Zahnradbahn
254;CC48;GGB;Zahnradbahn
255;CC48;GGB;Zahnradbahn
256;CC48;GGB;Zahnradbahn
257;CC48;GGB;Zahnradbahn
258;CC48;GGB;Zahnradbahn
259;CC48;GGB;Zahnradbahn
260;CC48;GGB;Zahnradbahn
263;CC48;GGB;Zahnradbahn
41;CC;GGB;Zahnradbahn
45;CC;GGB;Zahnradbahn
47;CC;GGB;Zahnradbahn
1539;CC65;JB;Zahnradbahn
1541;CC65;JB;Zahnradbahn
1543;CC65;JB;Zahnradbahn
1545;CC65;JB;Zahnradbahn
1547;CC65;JB;Zahnradbahn
536;CC65;JB;Zahnradbahn
538;CC65;JB;Zahnradbahn
539;CC65;JB;Zahnradbahn
540;CC65;JB;Zahnradbahn
541;CC65;JB;Zahnradbahn
543;CC65;JB;Zahnradbahn
113;CC81;RB;Zahnradbahn
120;CC81;RB;Zahnradbahn
121;CC81;RB;Zahnradbahn
126;CC81;RB;Zahnradbahn
127;CC81;RB;Zahnradbahn
132;CC81;RB;Zahnradbahn
133;CC81;RB;Zahnradbahn
144;CC81;RB;Zahnradbahn
145;CC81;RB;Zahnradbahn
152;CC81;RB;Zahnradbahn
153;CC81;RB;Zahnradbahn
158;CC81;RB;Zahnradbahn
159;CC81;RB;Zahnradbahn
164;CC81;RB;Zahnradbahn
165;CC81;RB;Zahnradbahn
170;CC81;RB;Zahnradbahn
238;CC81;RB;Zahnradbahn
239;CC81;RB;Zahnradbahn
85:151:1;1;TL;Bus
85:151:13;13;TL;Bus
85:151:16;16;TL;Bus
85:151:17;17;TL;Bus
85:151:18;18;TL;Bus
85:151:19;19;TL;Bus
85:151:2;2;TL;Bus
85:151:20;20;TL;Bus
85:151:21;21;TL;Bus
85:151:24;24;TL;Bus
85:151:25;25;TL;Bus
85:151:3;3;TL;Bus
85:151:31;31;TL;Bus
85:151:32;32;TL;Bus
85:151:33;33;TL;Bus
85:151:35;35;TL;Bus
85:151:36;36;TL;Bus
85:151:38;38;TL;Bus
85:151:4;4;TL;Bus
85:151:41;41;TL;Bus
85:151:42;42;TL;Bus
85:151:44;44;TL;Bus
85:151:45;45;TL;Bus
85:151:46;46;TL;Bus
85:151:47;47;TL;Bus
85:151:48;48;TL;Bus
85:151:49;49;TL;Bus
85:151:54;54;TL;Bus
85:151:56;56;TL;Bus
85:151:58;58;TL;Bus
85:151:6;6;TL;Bus
85:151:60;60;TL;Bus
85:151:64;64;TL;Bus
85:151:68;68;TL;Bus
85:151:69;69;TL;Bus
85:151:7;7;TL;Bus
85:151:70;m1;TL;Metro
85:151:8;8;TL;Bus
85:151:9;9;TL;Bus
125;R72;TPC;Zug
126;R72;TPC;Zug
129;R72;TPC;Zug
134;R72;TPC;Zug
137;R72;TPC;Zug
141;R72;TPC;Zug
144;R72;TPC;Zug
145;R72;TPC;Zug
148;R72;TPC;Zug
149;R72;TPC;Zug
152;R72;TPC;Zug
156;R72;TPC;Zug
159;R72;TPC;Zug
164;R72;TPC;Zug
206;R72;TPC;Zug
210;R72;TPC;Zug
40;R72;TPC;Zug
46;R72;TPC;Zug
47;R72;TPC;Zug
504;R74;TPC;Zug
508;R74;TPC;Zug
509;R74;TPC;Zug
510;R74;TPC;Zug
511;R74;TPC;Zug
512;R74;TPC;Zug
514;R74;TPC;Zug
515;R74;TPC;Zug
518;R74;TPC;Zug
523;R74;TPC;Zug
526;R74;TPC;Zug
531;R74;TPC;Zug
534;R74;TPC;Zug
539;R74;TPC;Zug
102;R56;MBC;Zug
104;R56;MBC;Zug
106;R56;MBC;Zug
107;R56;MBC;Zug
108;R56;MBC;Zug
109;R56;MBC;Zug
110;R56;MBC;Zug
111;R56;MBC;Zug
112;R56;MBC;Zug
113;R56;MBC;Zug
114;R56;MBC;Zug
115;R56;MBC;Zug
116;R56;MBC;Zug
117;R56;MBC;Zug
118;R56;MBC;Zug
119;R56;MBC;Zug
120;R56;MBC;Zug
121;R56;MBC;Zug
122;R56;MBC;Zug
123;R56;MBC;Zug
124;R56;MBC;Zug
125;R56;MBC;Zug
126;R56;MBC;Zug
127;R56;MBC;Zug
128;R56;MBC;Zug
129;R56;MBC;Zug
130;R56;MBC;Zug
131;R56;MBC;Zug
132;R56;MBC;Zug
133;R56;MBC;Zug
134;R56;MBC;Zug
135;R56;MBC;Zug
136;R56;MBC;Zug
137;R56;MBC;Zug
138;R56;MBC;Zug
139;R56;MBC;Zug
140;R56;MBC;Zug
141;R56;MBC;Zug
142;R56;MBC;Zug
143;R56;MBC;Zug
144;R56;MBC;Zug
145;R56;MBC;Zug
146;R56;MBC;Zug
147;R56;MBC;Zug
148;R56;MBC;Zug
149;R56;MBC;Zug
150;R56;MBC;Zug
151;R56;MBC;Zug
152;R56;MBC;Zug
153;R56;MBC;Zug
154;R56;MBC;Zug
155;R56;MBC;Zug
156;R56;MBC;Zug
157;R56;MBC;Zug
158;R56;MBC;Zug
159;R56;MBC;Zug
160;R56;MBC;Zug
161;R56;MBC;Zug
162;R56;MBC;Zug
165;R56;MBC;Zug
166;R56;MBC;Zug
169;R56;MBC;Zug
170;R56;MBC;Zug
173;R56;MBC;Zug
174;R56;MBC;Zug
504;R57;MBC;Zug
508;R57;MBC;Zug
509;R57;MBC;Zug
510;R57;MBC;Zug
525;R57;MBC;Zug
526;R57;MBC;Zug
722;R66;BLM;Zug
724;R66;BLM;Zug
726;R66;BLM;Zug
728;R66;BLM;Zug
730;R66;BLM;Zug
732;R66;BLM;Zug
733;R66;BLM;Zug
734;R66;BLM;Zug
735;R66;BLM;Zug
737;R66;BLM;Zug
739;R66;BLM;Zug
118;R62;BOB;Zug
120;R62;BOB;Zug
122;R62;BOB;Zug
124;R62;BOB;Zug
126;R62;BOB;Zug
128;R62;BOB;Zug
130;R62;BOB;Zug
132;R62;BOB;Zug
134;R62;BOB;Zug
135;R62;BOB;Zug
136;R62;BOB;Zug
137;R62;BOB;Zug
138;R62;BOB;Zug
139;R62;BOB;Zug
140;R62;BOB;Zug
141;R62;BOB;Zug
142;R62;BOB;Zug
143;R62;BOB;Zug
144;R62;BOB;Zug
145;R62;BOB;Zug
146;R62;BOB;Zug
147;R62;BOB;Zug
148;R62;BOB;Zug
149;R62;BOB;Zug
150;R62;BOB;Zug
151;R62;BOB;Zug
152;R62;BOB;Zug
153;R62;BOB;Zug
154;R62;BOB;Zug
155;R62;BOB;Zug
156;R62;BOB;Zug
157;R62;BOB;Zug
158;R62;BOB;Zug
159;R62;BOB;Zug
160;R62;BOB;Zug
161;R62;BOB;Zug
162;R62;BOB;Zug
163;R62;BOB;Zug
164;R62;BOB;Zug
165;R62;BOB;Zug
166;R62;BOB;Zug
167;R62;BOB;Zug
168;R62;BOB;Zug
169;R62;BOB;Zug
170;R62;BOB;Zug
171;R62;BOB;Zug
172;R62;BOB;Zug
173;R62;BOB;Zug
174;R62;BOB;Zug
175;R62;BOB;Zug
176;R62;BOB;Zug
177;R62;BOB;Zug
179;R62;BOB;Zug
181;R62;BOB;Zug
218;R61;BOB;Zug
220;R61;BOB;Zug
222;R61;BOB;Zug
224;R61;BOB;Zug
226;R61;BOB;Zug
228;R61;BOB;Zug
230;R61;BOB;Zug
232;R61;BOB;Zug
234;R61;BOB;Zug
235;R61;BOB;Zug
236;R61;BOB;Zug
237;R61;BOB;Zug
238;R61;BOB;Zug
239;R61;BOB;Zug
240;R61;BOB;Zug
241;R61;BOB;Zug
242;R61;BOB;Zug
243;R61;BOB;Zug
244;R61;BOB;Zug
245;R61;BOB;Zug
246;R61;BOB;Zug
247;R61;BOB;Zug
248;R61;BOB;Zug
249;R61;BOB;Zug
250;R61;BOB;Zug
251;R61;BOB;Zug
252;R61;BOB;Zug
253;R61;BOB;Zug
254;R61;BOB;Zug
255;R61;BOB;Zug
256;R61;BOB;Zug
257;R61;BOB;Zug
258;R61;BOB;Zug
259;R61;BOB;Zug
260;R61;BOB;Zug
261;R61;BOB;Zug
262;R61;BOB;Zug
263;R61;BOB;Zug
265;R61;BOB;Zug
1504;R35;MVR-cev;Zug
1506;R35;MVR-cev;Zug
1508;R35;MVR-cev;Zug
1510;R35;MVR-cev;Zug
1511;R35;MVR-cev;Zug
1512;R35;MVR-cev;Zug
1513;R35;MVR-cev;Zug
1524;R35;MVR-cev;Zug
1525;R35;MVR-cev;Zug
1534;R35;MVR-cev;Zug
1541;R35;MVR-cev;Zug
1543;R35;MVR-cev;Zug
1545;R35;MVR-cev;Zug
1547;R35;MVR-cev;Zug
110;R37;CJ;Zug
111;R37;CJ;Zug
112;R37;CJ;Zug
113;R37;CJ;Zug
114;R37;CJ;Zug
115;R37;CJ;Zug
116;R37;CJ;Zug
117;R37;CJ;Zug
119;R37;CJ;Zug
120;R37;CJ;Zug
123;R37;CJ;Zug
124;R37;CJ;Zug
125;R37;CJ;Zug
130;R37;CJ;Zug
131;R37;CJ;Zug
132;R37;CJ;Zug
134;R37;CJ;Zug
135;R37;CJ;Zug
137;R37;CJ;Zug
138;R37;CJ;Zug
142;R37;CJ;Zug
143;R37;CJ;Zug
144;R37;CJ;Zug
145;R37;CJ;Zug
146;R37;CJ;Zug
147;R37;CJ;Zug
148;R37;CJ;Zug
149;R37;CJ;Zug
153;R37;CJ;Zug
154;R37;CJ;Zug
159;R37;CJ;Zug
162;R37;CJ;Zug
164;R37;CJ;Zug
165;R37;CJ;Zug
166;R37;CJ;Zug
167;R37;CJ;Zug
168;R37;CJ;Zug
169;R37;CJ;Zug
170;R37;CJ;Zug
171;R37;CJ;Zug
172;R37;CJ;Zug
173;R37;CJ;Zug
174;R37;CJ;Zug
175;R37;CJ;Zug
176;R37;CJ;Zug
177;R37;CJ;Zug
179;R37;CJ;Zug
181;R37;CJ;Zug
204;R36;CJ;Zug
206;R36;CJ;Zug
208;R36;CJ;Zug
210;R36;CJ;Zug
212;R36;CJ;Zug
213;R36;CJ;Zug
214;R36;CJ;Zug
215;R36;CJ;Zug
216;R36;CJ;Zug
217;R36;CJ;Zug
219;R36;CJ;Zug
220;R36;CJ;Zug
221;R36;CJ;Zug
223;R36;CJ;Zug
224;R36;CJ;Zug
225;R36;CJ;Zug
230;R36;CJ;Zug
231;R36;CJ;Zug
232;R36;CJ;Zug
236;R36;CJ;Zug
237;R36;CJ;Zug
238;R36;CJ;Zug
239;R36;CJ;Zug
242;R36;CJ;Zug
244;R36;CJ;Zug
245;R36;CJ;Zug
248;R36;CJ;Zug
249;R36;CJ;Zug
251;R36;CJ;Zug
253;R36;CJ;Zug
254;R36;CJ;Zug
258;R36;CJ;Zug
259;R36;CJ;Zug
260;R36;CJ;Zug
262;R36;CJ;Zug
263;R36;CJ;Zug
41;R24;TRN-cmn;Zug
44;R24;TRN-cmn;Zug
45;R24;TRN-cmn;Zug
46;R24;TRN-cmn;Zug
102;S60;FLP;Zug
104;S60;FLP;Zug
106;S60;FLP;Zug
107;S60;FLP;Zug
108;S60;FLP;Zug
109;S60;FLP;Zug
110;S60;FLP;Zug
111;S60;FLP;Zug
112;S60;FLP;Zug
113;S60;FLP;Zug
114;S60;FLP;Zug
115;S60;FLP;Zug
116;S60;FLP;Zug
117;S60;FLP;Zug
118;S60;FLP;Zug
119;S60;FLP;Zug
120;S60;FLP;Zug
121;S60;FLP;Zug
122;S60;FLP;Zug
123;S60;FLP;Zug
124;S60;FLP;Zug
125;S60;FLP;Zug
126;S60;FLP;Zug
127;S60;FLP;Zug
128;S60;FLP;Zug
129;S60;FLP;Zug
130;S60;FLP;Zug
131;S60;FLP;Zug
132;S60;FLP;Zug
133;S60;FLP;Zug
134;S60;FLP;Zug
135;S60;FLP;Zug
136;S60;FLP;Zug
137;S60;FLP;Zug
138;S60;FLP;Zug
139;S60;FLP;Zug
140;S60;FLP;Zug
141;S60;FLP;Zug
142;S60;FLP;Zug
143;S60;FLP;Zug
144;S60;FLP;Zug
145;S60;FLP;Zug
146;S60;FLP;Zug
147;S60;FLP;Zug
148;S60;FLP;Zug
149;S60;FLP;Zug
150;S60;FLP;Zug
151;S60;FLP;Zug
152;S60;FLP;Zug
153;S60;FLP;Zug
154;S60;FLP;Zug
155;S60;FLP;Zug
156;S60;FLP;Zug
157;S60;FLP;Zug
158;S60;FLP;Zug
159;S60;FLP;Zug
160;S60;FLP;Zug
161;S60;FLP;Zug
162;S60;FLP;Zug
163;S60;FLP;Zug
164;S60;FLP;Zug
165;S60;FLP;Zug
166;S60;FLP;Zug
167;S60;FLP;Zug
168;S60;FLP;Zug
169;S60;FLP;Zug
170;S60;FLP;Zug
171;S60;FLP;Zug
172;S60;FLP;Zug
173;S60;FLP;Zug
174;S60;FLP;Zug
175;S60;FLP;Zug
176;S60;FLP;Zug
177;S60;FLP;Zug
179;S60;FLP;Zug
181;S60;FLP;Zug
202;S60;FLP;Zug
204;S60;FLP;Zug
205;S60;FLP;Zug
206;S60;FLP;Zug
207;S60;FLP;Zug
208;S60;FLP;Zug
209;S60;FLP;Zug
210;S60;FLP;Zug
211;S60;FLP;Zug
212;S60;FLP;Zug
213;S60;FLP;Zug
214;S60;FLP;Zug
215;S60;FLP;Zug
216;S60;FLP;Zug
217;S60;FLP;Zug
218;S60;FLP;Zug
219;S60;FLP;Zug
220;S60;FLP;Zug
221;S60;FLP;Zug
222;S60;FLP;Zug
223;S60;FLP;Zug
224;S60;FLP;Zug
225;S60;FLP;Zug
226;S60;FLP;Zug
227;S60;FLP;Zug
228;S60;FLP;Zug
229;S60;FLP;Zug
230;S60;FLP;Zug
231;S60;FLP;Zug
510;R43;MGB-fo;Zug
514;R43;MGB-fo;Zug
517;R43;MGB-fo;Zug
518;R43;MGB-fo;Zug
521;R43;MGB-fo;Zug
522;R43;MGB-fo;Zug
525;R43;MGB-fo;Zug
526;R43;MGB-fo;Zug
529;R43;MGB-fo;Zug
530;R43;MGB-fo;Zug
533;R43;MGB-fo;Zug
534;R43;MGB-fo;Zug
537;R43;MGB-fo;Zug
538;R43;MGB-fo;Zug
541;R43;MGB-fo;Zug
136;RE73;FART;Zug
157;RE73;FART;Zug
181;RE73;FART;Zug
40;PE72;FART;Zug
41;PE72;FART;Zug
47;PE72;FART;Zug
102;R20;LEB;Zug
104;R20;LEB;Zug
106;R20;LEB;Zug
107;R20;LEB;Zug
108;R20;LEB;Zug
109;R20;LEB;Zug
110;R20;LEB;Zug
111;R20;LEB;Zug
112;R20;LEB;Zug
113;R20;LEB;Zug
114;R20;LEB;Zug
115;R20;LEB;Zug
116;R20;LEB;Zug
117;R20;LEB;Zug
118;R20;LEB;Zug
119;R20;LEB;Zug
120;R20;LEB;Zug
121;R20;LEB;Zug
122;R20;LEB;Zug
123;R20;LEB;Zug
124;R20;LEB;Zug
125;R20;LEB;Zug
126;R20;LEB;Zug
127;R20;LEB;Zug
128;R20;LEB;Zug
129;R20;LEB;Zug
130;R20;LEB;Zug
131;R20;LEB;Zug
132;R20;LEB;Zug
133;R20;LEB;Zug
134;R20;LEB;Zug
135;R20;LEB;Zug
136;R20;LEB;Zug
137;R20;LEB;Zug
138;R20;LEB;Zug
139;R20;LEB;Zug
140;R20;LEB;Zug
141;R20;LEB;Zug
142;R20;LEB;Zug
143;R20;LEB;Zug
144;R20;LEB;Zug
145;R20;LEB;Zug
146;R20;LEB;Zug
147;R20;LEB;Zug
148;R20;LEB;Zug
149;R20;LEB;Zug
150;R20;LEB;Zug
151;R20;LEB;Zug
152;R20;LEB;Zug
153;R20;LEB;Zug
154;R20;LEB;Zug
155;R20;LEB;Zug
156;R20;LEB;Zug
157;R20;LEB;Zug
158;R20;LEB;Zug
159;R20;LEB;Zug
160;R20;LEB;Zug
161;R20;LEB;Zug
162;R20;LEB;Zug
163;R20;LEB;Zug
164;R20;LEB;Zug
165;R20;LEB;Zug
166;R20;LEB;Zug
167;R20;LEB;Zug
168;R20;LEB;Zug
169;R20;LEB;Zug
170;R20;LEB;Zug
171;R20;LEB;Zug
172;R20;LEB;Zug
173;R20;LEB;Zug
174;R20;LEB;Zug
175;R20;LEB;Zug
176;R20;LEB;Zug
177;R20;LEB;Zug
179;R20;LEB;Zug
181;R20;LEB;Zug
202;R20;LEB;Zug
204;R20;LEB;Zug
205;R20;LEB;Zug
206;R20;LEB;Zug
207;R20;LEB;Zug
208;R20;LEB;Zug
209;R20;LEB;Zug
210;R20;LEB;Zug
211;R20;LEB;Zug
212;R20;LEB;Zug
213;R20;LEB;Zug
214;R20;LEB;Zug
215;R20;LEB;Zug
216;R20;LEB;Zug
217;R20;LEB;Zug
218;R20;LEB;Zug
219;R20;LEB;Zug
220;R20;LEB;Zug
221;R20;LEB;Zug
222;R20;LEB;Zug
223;R20;LEB;Zug
224;R20;LEB;Zug
225;R20;LEB;Zug
226;R20;LEB;Zug
227;R20;LEB;Zug
228;R20;LEB;Zug
229;R20;LEB;Zug
230;R20;LEB;Zug
231;R20;LEB;Zug
232;R20;LEB;Zug
233;R20;LEB;Zug
234;R20;LEB;Zug
235;R20;LEB;Zug
236;R20;LEB;Zug
237;R20;LEB;Zug
238;R20;LEB;Zug
239;R20;LEB;Zug
240;R20;LEB;Zug
241;R20;LEB;Zug
242;R20;LEB;Zug
243;R20;LEB;Zug
244;R20;LEB;Zug
245;R20;LEB;Zug
246;R20;LEB;Zug
247;R20;LEB;Zug
248;R20;LEB;Zug
249;R20;LEB;Zug
250;R20;LEB;Zug
251;R20;LEB;Zug
252;R20;LEB;Zug
253;R20;LEB;Zug
254;R20;LEB;Zug
255;R20;LEB;Zug
256;R20;LEB;Zug
257;R20;LEB;Zug
258;R20;LEB;Zug
259;R20;LEB;Zug
260;R20;LEB;Zug
261;R20;LEB;Zug
262;R20;LEB;Zug
263;R20;LEB;Zug
265;R20;LEB;Zug
2504;R31;MOB;Zug
2506;R31;MOB;Zug
2507;R31;MOB;Zug
2508;R31;MOB;Zug
2509;R31;MOB;Zug
2510;R31;MOB;Zug
2511;R31;MOB;Zug
2512;R31;MOB;Zug
2513;R31;MOB;Zug
2514;R31;MOB;Zug
2515;R31;MOB;Zug
2516;R31;MOB;Zug
2517;R31;MOB;Zug
2518;R31;MOB;Zug
2519;R31;MOB;Zug
2520;R31;MOB;Zug
2521;R31;MOB;Zug
2522;R31;MOB;Zug
2523;R31;MOB;Zug
2524;R31;MOB;Zug
2525;R31;MOB;Zug
2526;R31;MOB;Zug
2527;R31;MOB;Zug
2528;R31;MOB;Zug
2529;R31;MOB;Zug
2530;R31;MOB;Zug
2531;R31;MOB;Zug
2532;R31;MOB;Zug
2533;R31;MOB;Zug
2534;R31;MOB;Zug
2535;R31;MOB;Zug
2537;R31;MOB;Zug
2539;R31;MOB;Zug
2541;R31;MOB;Zug
102;R55;NStCM;Zug
104;R55;NStCM;Zug
106;R55;NStCM;Zug
107;R55;NStCM;Zug
108;R55;NStCM;Zug
109;R55;NStCM;Zug
110;R55;NStCM;Zug
111;R55;NStCM;Zug
112;R55;NStCM;Zug
113;R55;NStCM;Zug
114;R55;NStCM;Zug
115;R55;NStCM;Zug
116;R55;NStCM;Zug
117;R55;NStCM;Zug
118;R55;NStCM;Zug
119;R55;NStCM;Zug
120;R55;NStCM;Zug
121;R55;NStCM;Zug
122;R55;NStCM;Zug
125;R55;NStCM;Zug
126;R55;NStCM;Zug
127;R55;NStCM;Zug
128;R55;NStCM;Zug
129;R55;NStCM;Zug
130;R55;NStCM;Zug
131;R55;NStCM;Zug
132;R55;NStCM;Zug
133;R55;NStCM;Zug
134;R55;NStCM;Zug
135;R55;NStCM;Zug
136;R55;NStCM;Zug
137;R55;NStCM;Zug
138;R55;NStCM;Zug
139;R55;NStCM;Zug
140;R55;NStCM;Zug
141;R55;NStCM;Zug
142;R55;NStCM;Zug
143;R55;NStCM;Zug
144;R55;NStCM;Zug
145;R55;NStCM;Zug
146;R55;NStCM;Zug
147;R55;NStCM;Zug
148;R55;NStCM;Zug
150;R55;NStCM;Zug
151;R55;NStCM;Zug
152;R55;NStCM;Zug
153;R55;NStCM;Zug
154;R55;NStCM;Zug
156;R55;NStCM;Zug
202;R55;NStCM;Zug
204;R55;NStCM;Zug
205;R55;NStCM;Zug
206;R55;NStCM;Zug
207;R55;NStCM;Zug
208;R55;NStCM;Zug
209;R55;NStCM;Zug
210;R55;NStCM;Zug
211;R55;NStCM;Zug
212;R55;NStCM;Zug
213;R55;NStCM;Zug
214;R55;NStCM;Zug
215;R55;NStCM;Zug
216;R55;NStCM;Zug
217;R55;NStCM;Zug
218;R55;NStCM;Zug
219;R55;NStCM;Zug
220;R55;NStCM;Zug
221;R55;NStCM;Zug
222;R55;NStCM;Zug
223;R55;NStCM;Zug
224;R55;NStCM;Zug
225;R55;NStCM;Zug
226;R55;NStCM;Zug
227;R55;NStCM;Zug
228;R55;NStCM;Zug
229;R55;NStCM;Zug
230;R55;NStCM;Zug
231;R55;NStCM;Zug
232;R55;NStCM;Zug
233;R55;NStCM;Zug
234;R55;NStCM;Zug
235;R55;NStCM;Zug
236;R55;NStCM;Zug
237;R55;NStCM;Zug
238;R55;NStCM;Zug
239;R55;NStCM;Zug
240;R55;NStCM;Zug
241;R55;NStCM;Zug
242;R55;NStCM;Zug
243;R55;NStCM;Zug
244;R55;NStCM;Zug
245;R55;NStCM;Zug
246;R55;NStCM;Zug
111;ATZ;RhB;Zug
112;ATZ;RhB;Zug
113;ATZ;RhB;Zug
114;ATZ;RhB;Zug
115;ATZ;RhB;Zug
116;ATZ;RhB;Zug
117;ATZ;RhB;Zug
118;ATZ;RhB;Zug
119;ATZ;RhB;Zug
120;ATZ;RhB;Zug
121;ATZ;RhB;Zug
122;ATZ;RhB;Zug
123;ATZ;RhB;Zug
124;ATZ;RhB;Zug
125;ATZ;RhB;Zug
126;ATZ;RhB;Zug
127;ATZ;RhB;Zug
128;ATZ;RhB;Zug
129;ATZ;RhB;Zug
130;ATZ;RhB;Zug
131;ATZ;RhB;Zug
132;ATZ;RhB;Zug
133;ATZ;RhB;Zug
134;ATZ;RhB;Zug
135;ATZ;RhB;Zug
136;ATZ;RhB;Zug
137;ATZ;RhB;Zug
138;ATZ;RhB;Zug
139;ATZ;RhB;Zug
140;ATZ;RhB;Zug
141;ATZ;RhB;Zug
1504;S2;RhB;Zug
1506;S2;RhB;Zug
1508;S2;RhB;Zug
1510;S2;RhB;Zug
1511;S2;RhB;Zug
1512;S2;RhB;Zug
1513;S2;RhB;Zug
1514;S2;RhB;Zug
1515;S2;RhB;Zug
1516;S2;RhB;Zug
1517;S2;RhB;Zug
1518;S2;RhB;Zug
1519;S2;RhB;Zug
1520;S2;RhB;Zug
1521;S2;RhB;Zug
1522;S2;RhB;Zug
1523;S2;RhB;Zug
1524;S2;RhB;Zug
1525;S2;RhB;Zug
1526;S2;RhB;Zug
1527;S2;RhB;Zug
1529;S2;RhB;Zug
1534;S;RhB;Zug
1535;S1;RhB;Zug
1536;S1;RhB;Zug
1537;S1;RhB;Zug
1538;S1;RhB;Zug
1539;S1;RhB;Zug
1541;S1;RhB;Zug
1543;S1;RhB;Zug
1545;S1;RhB;Zug
1547;S1;RhB;Zug
1707;RE7;RhB;Zug
1708;RE7;RhB;Zug
1709;RE7;RhB;Zug
1710;RE7;RhB;Zug
1712;RE7;RhB;Zug
1714;R7;RhB;Zug
1715;R7;RhB;Zug
1716;RE7;RhB;Zug
1717;RE7;RhB;Zug
1718;RE7;RhB;Zug
1719;RE7;RhB;Zug
1720;RE7;RhB;Zug
1721;RE7;RhB;Zug
1724;RE7;RhB;Zug
1725;RE7;RhB;Zug
1728;RE7;RhB;Zug
1729;RE7;RhB;Zug
1732;RE7;RhB;Zug
1733;RE7;RhB;Zug
1736;RE7;RhB;Zug
1737;RE7;RhB;Zug
1741;RE7;RhB;Zug
1810;RE1;RhB;Zug
1812;R2;RhB;Zug
1817;R2;RhB;Zug
1818;RE1;RhB;Zug
1819;RE1;RhB;Zug
1820;RE2;RhB;Zug
1821;R2;RhB;Zug
1822;RE1;RhB;Zug
1823;RE1;RhB;Zug
1824;RE2;RhB;Zug
1825;R2;RhB;Zug
1826;RE1;RhB;Zug
1827;RE1;RhB;Zug
1828;RE2;RhB;Zug
1829;R2;RhB;Zug
1830;RE1;RhB;Zug
1831;RE1;RhB;Zug
1832;RE2;RhB;Zug
1833;R2;RhB;Zug
1834;RE1;RhB;Zug
1835;RE1;RhB;Zug
1836;RE2;RhB;Zug
1837;R2;RhB;Zug
1839;RE1;RhB;Zug
1840;RE2;RhB;Zug
1841;R2;RhB;Zug
1929;R15;RhB;Zug
212;ATZ;RhB;Zug
213;ATZ;RhB;Zug
214;ATZ;RhB;Zug
215;ATZ;RhB;Zug
216;ATZ;RhB;Zug
217;ATZ;RhB;Zug
218;ATZ;RhB;Zug
219;ATZ;RhB;Zug
220;ATZ;RhB;Zug
221;ATZ;RhB;Zug
222;ATZ;RhB;Zug
223;ATZ;RhB;Zug
224;ATZ;RhB;Zug
225;ATZ;RhB;Zug
226;ATZ;RhB;Zug
227;ATZ;RhB;Zug
228;ATZ;RhB;Zug
229;ATZ;RhB;Zug
230;ATZ;RhB;Zug
231;ATZ;RhB;Zug
232;ATZ;RhB;Zug
233;ATZ;RhB;Zug
234;ATZ;RhB;Zug
235;ATZ;RhB;Zug
236;ATZ;RhB;Zug
237;ATZ;RhB;Zug
238;ATZ;RhB;Zug
239;ATZ;RhB;Zug
240;ATZ;RhB;Zug
241;ATZ;RhB;Zug
242;ATZ;RhB;Zug
243;ATZ;RhB;Zug
244;ATZ;RhB;Zug
245;ATZ;RhB;Zug
246;ATZ;RhB;Zug
247;ATZ;RhB;Zug
85:764:701;701;MBC Auto;Bus
85:764:702;702;MBC Auto;Bus
85:764:705;705;MBC Auto;Bus
85:764:736;736;MBC Auto;Bus
85:801:171;435;PAG;Bus
85:801:287;360;PAG;Bus
85:801:64;362;PAG;Bus
85:801:65;365;PAG;Bus
204;S413;ASM-snb;Zug
44;S44;THURBO;Zug
102;R40;MGB-bvz;Zug
104;R40;MGB-bvz;Zug
106;R40;MGB-bvz;Zug
107;R40;MGB-bvz;Zug
108;R40;MGB-bvz;Zug
109;R40;MGB-bvz;Zug
110;R40;MGB-bvz;Zug
111;R40;MGB-bvz;Zug
112;R40;MGB-bvz;Zug
113;R40;MGB-bvz;Zug
114;R40;MGB-bvz;Zug
115;R40;MGB-bvz;Zug
116;R40;MGB-bvz;Zug
117;R40;MGB-bvz;Zug
118;R40;MGB-bvz;Zug
119;R40;MGB-bvz;Zug
120;R40;MGB-bvz;Zug
121;R40;MGB-bvz;Zug
122;R40;MGB-bvz;Zug
123;R40;MGB-bvz;Zug
124;R40;MGB-bvz;Zug
125;R40;MGB-bvz;Zug
126;R40;MGB-bvz;Zug
127;R40;MGB-bvz;Zug
128;R40;MGB-bvz;Zug
129;R40;MGB-bvz;Zug
130;R40;MGB-bvz;Zug
207;RE42;MGB-bvz;Zug
209;RE42;MGB-bvz;Zug
211;RE42;MGB-bvz;Zug
213;RE42;MGB-bvz;Zug
214;RE42;MGB-bvz;Zug
217;RE41;MGB-bvz;Zug
218;RE41;MGB-bvz;Zug
221;RE41;MGB-bvz;Zug
222;RE41;MGB-bvz;Zug
225;RE41;MGB-bvz;Zug
226;RE41;MGB-bvz;Zug
229;RE41;MGB-bvz;Zug
230;RE41;MGB-bvz;Zug
233;RE41;MGB-bvz;Zug
234;RE41;MGB-bvz;Zug
237;RE41;MGB-bvz;Zug
238;RE41;MGB-bvz;Zug
241;RE41;MGB-bvz;Zug
242;RE41;MGB-bvz;Zug
245;RE41;MGB-bvz;Zug
246;RE41;MGB-bvz;Zug
249;RE41;MGB-bvz;Zug
250;RE41;MGB-bvz;Zug
253;RE41;MGB-bvz;Zug
254;RE41;MGB-bvz;Zug
257;RE41;MGB-bvz;Zug
258;RE41;MGB-bvz;Zug
261;RE41;MGB-bvz;Zug
262;RE41;MGB-bvz;Zug
265;RE42;MGB-bvz;Zug
40;R40;MGB-bvz;Zug
41;R40;MGB-bvz;Zug
44;R40;MGB-bvz;Zug
45;R40;MGB-bvz;Zug
46;R40;MGB-bvz;Zug
47;R40;MGB-bvz;Zug
708;RE42;MGB-bvz;Zug
712;RE42;MGB-bvz;Zug
107;R12;TRAVYS;Zug
170;R12;TRAVYS;Zug
173;R12;TRAVYS;Zug
174;R12;TRAVYS;Zug
177;R12;TRAVYS;Zug
181;R12;TRAVYS;Zug
41;R22;TRAVYS;Zug
45;R22;TRAVYS;Zug
46;R22;TRAVYS;Zug
